Program ID,Program Name,Grade,Original Cutoff (from settings),Lottery Group,Lottery Group ID,Lottery Sub Group,Lottery Sub Group ID
"13198","CO-OP: Band (Non-String)","9","0","General Lottery","509","","0"
"13198","CO-OP: Band (Non-String)","9","8","New Haven Resident","517","","0"
"13198","CO-OP: Band (Non-String)","9","4","Suburban Market - Non-Resident","518","","0"
"13198","CO-OP: Band (Non-String)","10","0","General Lottery","509","","0"
"13198","CO-OP: Band (Non-String)","10","0","New Haven Resident","517","","0"
"13198","CO-OP: Band (Non-String)","10","0","Suburban Market - Non-Resident","518","","0"
"13198","CO-OP: Band (Non-String)","11","0","General Lottery","509","","0"
"13198","CO-OP: Band (Non-String)","11","2","New Haven Resident","517","","0"
"13198","CO-OP: Band (Non-String)","11","3","Suburban Market - Non-Resident","518","","0"
"13198","CO-OP: Band (Non-String)","12","0","General Lottery","509","","0"
"13198","CO-OP: Band (Non-String)","12","0","New Haven Resident","517","","0"
"13198","CO-OP: Band (Non-String)","12","0","Suburban Market - Non-Resident","518","","0"
"13199","CO-OP: Dance","9","0","General Lottery","509","","0"
"13199","CO-OP: Dance","9","17","New Haven Resident","517","","0"
"13199","CO-OP: Dance","9","13","Suburban Market - Non-Resident","518","","0"
"13199","CO-OP: Dance","10","1","General Lottery","509","","0"
"13199","CO-OP: Dance","10","0","New Haven Resident","517","","0"
"13199","CO-OP: Dance","10","2","Suburban Market - Non-Resident","518","","0"
"13199","CO-OP: Dance","11","0","General Lottery","509","","0"
"13199","CO-OP: Dance","11","5","New Haven Resident","517","","0"
"13199","CO-OP: Dance","11","3","Suburban Market - Non-Resident","518","","0"
"13199","CO-OP: Dance","12","0","General Lottery","509","","0"
"13199","CO-OP: Dance","12","0","New Haven Resident","517","","0"
"13199","CO-OP: Dance","12","0","Suburban Market - Non-Resident","518","","0"
"13200","CO-OP: Orchestra (Strings)","9","0","General Lottery","509","","0"
"13200","CO-OP: Orchestra (Strings)","9","7","New Haven Resident","517","","0"
"13200","CO-OP: Orchestra (Strings)","9","5","Suburban Market - Non-Resident","518","","0"
"13200","CO-OP: Orchestra (Strings)","10","0","General Lottery","509","","0"
"13200","CO-OP: Orchestra (Strings)","10","3","New Haven Resident","517","","0"
"13200","CO-OP: Orchestra (Strings)","10","1","Suburban Market - Non-Resident","518","","0"
"13200","CO-OP: Orchestra (Strings)","11","0","General Lottery","509","","0"
"13200","CO-OP: Orchestra (Strings)","11","4","New Haven Resident","517","","0"
"13200","CO-OP: Orchestra (Strings)","11","3","Suburban Market - Non-Resident","518","","0"
"13200","CO-OP: Orchestra (Strings)","12","0","General Lottery","509","","0"
"13200","CO-OP: Orchestra (Strings)","12","0","New Haven Resident","517","","0"
"13200","CO-OP: Orchestra (Strings)","12","0","Suburban Market - Non-Resident","518","","0"
"13201","CO-OP: Percussion","9","0","General Lottery","509","","0"
"13201","CO-OP: Percussion","9","2","New Haven Resident","517","","0"
"13201","CO-OP: Percussion","9","1","Suburban Market - Non-Resident","518","","0"
"13201","CO-OP: Percussion","10","0","General Lottery","509","","0"
"13201","CO-OP: Percussion","10","0","New Haven Resident","517","","0"
"13201","CO-OP: Percussion","10","0","Suburban Market - Non-Resident","518","","0"
"13201","CO-OP: Percussion","11","0","General Lottery","509","","0"
"13201","CO-OP: Percussion","11","0","New Haven Resident","517","","0"
"13201","CO-OP: Percussion","11","0","Suburban Market - Non-Resident","518","","0"
"13201","CO-OP: Percussion","12","0","General Lottery","509","","0"
"13201","CO-OP: Percussion","12","0","New Haven Resident","517","","0"
"13201","CO-OP: Percussion","12","0","Suburban Market - Non-Resident","518","","0"
"13202","CO-OP: Theatre","9","0","General Lottery","509","","0"
"13202","CO-OP: Theatre","9","24","New Haven Resident","517","","0"
"13202","CO-OP: Theatre","9","16","Suburban Market - Non-Resident","518","","0"
"13202","CO-OP: Theatre","10","0","General Lottery","509","","0"
"13202","CO-OP: Theatre","10","5","New Haven Resident","517","","0"
"13202","CO-OP: Theatre","10","3","Suburban Market - Non-Resident","518","","0"
"13202","CO-OP: Theatre","11","0","General Lottery","509","","0"
"13202","CO-OP: Theatre","11","0","New Haven Resident","517","","0"
"13202","CO-OP: Theatre","11","3","Suburban Market - Non-Resident","518","","0"
"13202","CO-OP: Theatre","12","0","General Lottery","509","","0"
"13202","CO-OP: Theatre","12","0","New Haven Resident","517","","0"
"13202","CO-OP: Theatre","12","0","Suburban Market - Non-Resident","518","","0"
"13203","CO-OP: Visual Arts","9","2","General Lottery","509","","0"
"13203","CO-OP: Visual Arts","9","23","New Haven Resident","517","","0"
"13203","CO-OP: Visual Arts","9","17","Suburban Market - Non-Resident","518","","0"
"13203","CO-OP: Visual Arts","10","0","General Lottery","509","","0"
"13203","CO-OP: Visual Arts","10","3","New Haven Resident","517","","0"
"13203","CO-OP: Visual Arts","10","0","Suburban Market - Non-Resident","518","","0"
"13203","CO-OP: Visual Arts","11","0","General Lottery","509","","0"
"13203","CO-OP: Visual Arts","11","0","New Haven Resident","517","","0"
"13203","CO-OP: Visual Arts","11","0","Suburban Market - Non-Resident","518","","0"
"13203","CO-OP: Visual Arts","12","0","General Lottery","509","","0"
"13203","CO-OP: Visual Arts","12","0","New Haven Resident","517","","0"
"13203","CO-OP: Visual Arts","12","0","Suburban Market - Non-Resident","518","","0"
"13204","CO-OP: Vocal","9","0","General Lottery","509","","0"
"13204","CO-OP: Vocal","9","8","New Haven Resident","517","","0"
"13204","CO-OP: Vocal","9","5","Suburban Market - Non-Resident","518","","0"
"13204","CO-OP: Vocal","10","0","General Lottery","509","","0"
"13204","CO-OP: Vocal","10","0","New Haven Resident","517","","0"
"13204","CO-OP: Vocal","10","0","Suburban Market - Non-Resident","518","","0"
"13204","CO-OP: Vocal","11","0","General Lottery","509","","0"
"13204","CO-OP: Vocal","11","0","New Haven Resident","517","","0"
"13204","CO-OP: Vocal","11","0","Suburban Market - Non-Resident","518","","0"
"13204","CO-OP: Vocal","12","0","General Lottery","509","","0"
"13204","CO-OP: Vocal","12","0","New Haven Resident","517","","0"
"13204","CO-OP: Vocal","12","0","Suburban Market - Non-Resident","518","","0"
"13205","CO-OP: Creative Writing","9","0","General Lottery","509","","0"
"13205","CO-OP: Creative Writing","9","19","New Haven Resident","517","","0"
"13205","CO-OP: Creative Writing","9","8","Suburban Market - Non-Resident","518","","0"
"13205","CO-OP: Creative Writing","10","0","General Lottery","509","","0"
"13205","CO-OP: Creative Writing","10","0","New Haven Resident","517","","0"
"13205","CO-OP: Creative Writing","10","2","Suburban Market - Non-Resident","518","","0"
"13205","CO-OP: Creative Writing","11","0","General Lottery","509","","0"
"13205","CO-OP: Creative Writing","11","0","New Haven Resident","517","","0"
"13205","CO-OP: Creative Writing","11","0","Suburban Market - Non-Resident","518","","0"
"13205","CO-OP: Creative Writing","12","0","General Lottery","509","","0"
"13205","CO-OP: Creative Writing","12","0","New Haven Resident","517","","0"
"13205","CO-OP: Creative Writing","12","0","Suburban Market - Non-Resident","518","","0"
"13206","Bilingual Instructional Program","K","0","General Lottery","509","","0"
"13206","Bilingual Instructional Program","1","0","General Lottery","509","","0"
"13206","Bilingual Instructional Program","2","0","General Lottery","509","","0"
"13206","Bilingual Instructional Program","3","0","General Lottery","509","","0"
"13206","Bilingual Instructional Program","4","0","General Lottery","509","","0"
"13206","Bilingual Instructional Program","5","0","General Lottery","509","","0"
"13206","Bilingual Instructional Program","6","0","General Lottery","509","","0"
"13206","Bilingual Instructional Program","7","0","General Lottery","509","","0"
"13206","Bilingual Instructional Program","8","0","General Lottery","509","","0"
"13207","Bilingual Instructional Program","K","0","General Lottery","509","","0"
"13207","Bilingual Instructional Program","1","0","General Lottery","509","","0"
"13207","Bilingual Instructional Program","2","0","General Lottery","509","","0"
"13208","Bilingual Instructional Program","K","0","General Lottery","509","","0"
"13208","Bilingual Instructional Program","1","0","General Lottery","509","","0"
"13208","Bilingual Instructional Program","2","0","General Lottery","509","","0"
"13209","Bilingual Instructional Program","K","0","General Lottery","509","","0"
"13209","Bilingual Instructional Program","1","0","General Lottery","509","","0"
"13209","Bilingual Instructional Program","2","0","General Lottery","509","","0"
"13210","Bilingual Instructional Program","K","0","General Lottery","509","","0"
"13210","Bilingual Instructional Program","1","0","General Lottery","509","","0"
"13210","Bilingual Instructional Program","2","0","General Lottery","509","","0"
"13210","Bilingual Instructional Program","3","0","General Lottery","509","","0"
"13210","Bilingual Instructional Program","4","0","General Lottery","509","","0"
"13210","Bilingual Instructional Program","5","0","General Lottery","509","","0"
"13210","Bilingual Instructional Program","6","0","General Lottery","509","","0"
"13210","Bilingual Instructional Program","7","0","General Lottery","509","","0"
"13210","Bilingual Instructional Program","8","0","General Lottery","509","","0"
"13211","Bilingual Instructional Program","K","0","General Lottery","509","","0"
"13211","Bilingual Instructional Program","1","0","General Lottery","509","","0"
"13211","Bilingual Instructional Program","2","0","General Lottery","509","","0"
"13215","Business & Fine Arts Academy","9","0","General Lottery","509","","0"
"13216","Manufacturing Pathway","9","0","General Lottery","509","","0"
"13217","Law & Public Service Academy","9","0","General Lottery","509","","0"
"13218","Health & Culinary Sciences Academy","9","0","General Lottery","509","","0"
"13219","International Academy of Digital Arts & Sciences (IADAS)","9","0","General Lottery","509","","0"
"13220","Manufacturing Pathway","9","0","General Lottery","509","","0"
"13221","Amistad Academy Elementary & Middle School","K","112","General Lottery","509","","0"
"13221","Amistad Academy Elementary & Middle School","1","9","General Lottery","509","","0"
"13221","Amistad Academy Elementary & Middle School","2","9","General Lottery","509","","0"
"13221","Amistad Academy Elementary & Middle School","3","5","General Lottery","509","","0"
"13221","Amistad Academy Elementary & Middle School","4","11","General Lottery","509","","0"
"13221","Amistad Academy Elementary & Middle School","5","9","General Lottery","509","","0"
"13221","Amistad Academy Elementary & Middle School","6","2","General Lottery","509","","0"
"13221","Amistad Academy Elementary & Middle School","7","3","General Lottery","509","","0"
"13221","Amistad Academy Elementary & Middle School","8","5","General Lottery","509","","0"
"13235","Achievement First Amistad High School","9","51","General Lottery","509","","0"
"13235","Achievement First Amistad High School","10","7","General Lottery","509","","0"
"13235","Achievement First Amistad High School","11","0","General Lottery","509","","0"
"13235","Achievement First Amistad High School","12","0","General Lottery","509","","0"
"13236","Augusta Lewis Troup School","K","40","General Lottery","509","","0"
"13236","Augusta Lewis Troup School","1","2","General Lottery","509","","0"
"13236","Augusta Lewis Troup School","2","1","General Lottery","509","","0"
"13236","Augusta Lewis Troup School","3","2","General Lottery","509","","0"
"13236","Augusta Lewis Troup School","4","5","General Lottery","509","","0"
"13236","Augusta Lewis Troup School","5","0","General Lottery","509","","0"
"13236","Augusta Lewis Troup School","6","0","General Lottery","509","","0"
"13236","Augusta Lewis Troup School","7","0","General Lottery","509","","0"
"13236","Augusta Lewis Troup School","8","0","General Lottery","509","","0"
"13237","Barack H. Obama University Magnet Schools","PreK","0","General Lottery","509","","0"
"13237","Barack H. Obama University Magnet Schools","PreK3","20","General Lottery","509","","0"
"13237","Barack H. Obama University Magnet Schools","PreK4","25","General Lottery","509","","0"
"13237","Barack H. Obama University Magnet Schools","K","17","General Lottery","509","","0"
"13237","Barack H. Obama University Magnet Schools","1","0","General Lottery","509","","0"
"13237","Barack H. Obama University Magnet Schools","2","11","General Lottery","509","","0"
"13237","Barack H. Obama University Magnet Schools","3","0","General Lottery","509","","0"
"13237","Barack H. Obama University Magnet Schools","4","0","General Lottery","509","","0"
"13238","Barnard Environmental Science & Technology School","PreK","0","General Lottery","509","","0"
"13238","Barnard Environmental Science & Technology School","PreK","0","New Haven Resident","517","","0"
"13238","Barnard Environmental Science & Technology School","PreK","0","Suburban Market - Non-Resident","518","","0"
"13238","Barnard Environmental Science & Technology School","PreK3","0","General Lottery","509","","0"
"13238","Barnard Environmental Science & Technology School","PreK3","10","New Haven Resident","517","","0"
"13238","Barnard Environmental Science & Technology School","PreK3","10","Suburban Market - Non-Resident","518","","0"
"13238","Barnard Environmental Science & Technology School","PreK4","0","General Lottery","509","","0"
"13238","Barnard Environmental Science & Technology School","PreK4","11","New Haven Resident","517","","0"
"13238","Barnard Environmental Science & Technology School","PreK4","12","Suburban Market - Non-Resident","518","","0"
"13238","Barnard Environmental Science & Technology School","K","0","General Lottery","509","","0"
"13238","Barnard Environmental Science & Technology School","K","8","New Haven Resident","517","","0"
"13238","Barnard Environmental Science & Technology School","K","9","Suburban Market - Non-Resident","518","","0"
"13238","Barnard Environmental Science & Technology School","1","0","General Lottery","509","","0"
"13238","Barnard Environmental Science & Technology School","1","4","New Haven Resident","517","","0"
"13238","Barnard Environmental Science & Technology School","1","2","Suburban Market - Non-Resident","518","","0"
"13238","Barnard Environmental Science & Technology School","2","0","General Lottery","509","","0"
"13238","Barnard Environmental Science & Technology School","2","0","New Haven Resident","517","","0"
"13238","Barnard Environmental Science & Technology School","2","0","Suburban Market - Non-Resident","518","","0"
"13238","Barnard Environmental Science & Technology School","3","0","General Lottery","509","","0"
"13238","Barnard Environmental Science & Technology School","3","2","New Haven Resident","517","","0"
"13238","Barnard Environmental Science & Technology School","3","2","Suburban Market - Non-Resident","518","","0"
"13238","Barnard Environmental Science & Technology School","4","0","General Lottery","509","","0"
"13238","Barnard Environmental Science & Technology School","4","5","New Haven Resident","517","","0"
"13238","Barnard Environmental Science & Technology School","4","4","Suburban Market - Non-Resident","518","","0"
"13238","Barnard Environmental Science & Technology School","5","0","General Lottery","509","","0"
"13238","Barnard Environmental Science & Technology School","5","0","New Haven Resident","517","","0"
"13238","Barnard Environmental Science & Technology School","5","0","Suburban Market - Non-Resident","518","","0"
"13238","Barnard Environmental Science & Technology School","6","0","General Lottery","509","","0"
"13238","Barnard Environmental Science & Technology School","6","3","New Haven Resident","517","","0"
"13238","Barnard Environmental Science & Technology School","6","3","Suburban Market - Non-Resident","518","","0"
"13238","Barnard Environmental Science & Technology School","7","0","General Lottery","509","","0"
"13238","Barnard Environmental Science & Technology School","7","7","New Haven Resident","517","","0"
"13238","Barnard Environmental Science & Technology School","7","7","Suburban Market - Non-Resident","518","","0"
"13238","Barnard Environmental Science & Technology School","8","0","General Lottery","509","","0"
"13238","Barnard Environmental Science & Technology School","8","0","New Haven Resident","517","","0"
"13238","Barnard Environmental Science & Technology School","8","0","Suburban Market - Non-Resident","518","","0"
"13239","Benjamin Jepson Multi-Age Interdistrict Magnet School","PreK","0","General Lottery","509","","0"
"13239","Benjamin Jepson Multi-Age Interdistrict Magnet School","PreK","0","New Haven Resident","517","","0"
"13239","Benjamin Jepson Multi-Age Interdistrict Magnet School","PreK","0","Suburban Market - Non-Resident","518","","0"
"13239","Benjamin Jepson Multi-Age Interdistrict Magnet School","PreK3","0","General Lottery","509","","0"
"13239","Benjamin Jepson Multi-Age Interdistrict Magnet School","PreK3","14","New Haven Resident","517","","0"
"13239","Benjamin Jepson Multi-Age Interdistrict Magnet School","PreK3","18","Suburban Market - Non-Resident","518","","0"
"13239","Benjamin Jepson Multi-Age Interdistrict Magnet School","PreK4","0","General Lottery","509","","0"
"13239","Benjamin Jepson Multi-Age Interdistrict Magnet School","PreK4","2","New Haven Resident","517","","0"
"13239","Benjamin Jepson Multi-Age Interdistrict Magnet School","PreK4","4","Suburban Market - Non-Resident","518","","0"
"13239","Benjamin Jepson Multi-Age Interdistrict Magnet School","K","0","General Lottery","509","","0"
"13239","Benjamin Jepson Multi-Age Interdistrict Magnet School","K","12","New Haven Resident","517","","0"
"13239","Benjamin Jepson Multi-Age Interdistrict Magnet School","K","12","Suburban Market - Non-Resident","518","","0"
"13239","Benjamin Jepson Multi-Age Interdistrict Magnet School","1","0","General Lottery","509","","0"
"13239","Benjamin Jepson Multi-Age Interdistrict Magnet School","1","7","New Haven Resident","517","","0"
"13239","Benjamin Jepson Multi-Age Interdistrict Magnet School","1","8","Suburban Market - Non-Resident","518","","0"
"13239","Benjamin Jepson Multi-Age Interdistrict Magnet School","2","0","General Lottery","509","","0"
"13239","Benjamin Jepson Multi-Age Interdistrict Magnet School","2","3","New Haven Resident","517","","0"
"13239","Benjamin Jepson Multi-Age Interdistrict Magnet School","2","3","Suburban Market - Non-Resident","518","","0"
"13239","Benjamin Jepson Multi-Age Interdistrict Magnet School","3","0","General Lottery","509","","0"
"13239","Benjamin Jepson Multi-Age Interdistrict Magnet School","3","7","New Haven Resident","517","","0"
"13239","Benjamin Jepson Multi-Age Interdistrict Magnet School","3","7","Suburban Market - Non-Resident","518","","0"
"13239","Benjamin Jepson Multi-Age Interdistrict Magnet School","4","0","General Lottery","509","","0"
"13239","Benjamin Jepson Multi-Age Interdistrict Magnet School","4","4","New Haven Resident","517","","0"
"13239","Benjamin Jepson Multi-Age Interdistrict Magnet School","4","4","Suburban Market - Non-Resident","518","","0"
"13239","Benjamin Jepson Multi-Age Interdistrict Magnet School","5","0","General Lottery","509","","0"
"13239","Benjamin Jepson Multi-Age Interdistrict Magnet School","5","2","New Haven Resident","517","","0"
"13239","Benjamin Jepson Multi-Age Interdistrict Magnet School","5","12","Suburban Market - Non-Resident","518","","0"
"13239","Benjamin Jepson Multi-Age Interdistrict Magnet School","6","0","General Lottery","509","","0"
"13239","Benjamin Jepson Multi-Age Interdistrict Magnet School","6","5","New Haven Resident","517","","0"
"13239","Benjamin Jepson Multi-Age Interdistrict Magnet School","6","3","Suburban Market - Non-Resident","518","","0"
"13239","Benjamin Jepson Multi-Age Interdistrict Magnet School","7","0","General Lottery","509","","0"
"13239","Benjamin Jepson Multi-Age Interdistrict Magnet School","7","3","New Haven Resident","517","","0"
"13239","Benjamin Jepson Multi-Age Interdistrict Magnet School","7","3","Suburban Market - Non-Resident","518","","0"
"13239","Benjamin Jepson Multi-Age Interdistrict Magnet School","8","0","General Lottery","509","","0"
"13239","Benjamin Jepson Multi-Age Interdistrict Magnet School","8","0","New Haven Resident","517","","0"
"13239","Benjamin Jepson Multi-Age Interdistrict Magnet School","8","0","Suburban Market - Non-Resident","518","","0"
"13240","Betsy Ross Arts Magnet School","5","0","General Lottery","509","","0"
"13240","Betsy Ross Arts Magnet School","5","39","New Haven Resident","517","","0"
"13240","Betsy Ross Arts Magnet School","5","36","Suburban Market - Non-Resident","518","","0"
"13240","Betsy Ross Arts Magnet School","6","0","General Lottery","509","","0"
"13240","Betsy Ross Arts Magnet School","6","18","New Haven Resident","517","","0"
"13240","Betsy Ross Arts Magnet School","6","35","Suburban Market - Non-Resident","518","","0"
"13240","Betsy Ross Arts Magnet School","7","0","General Lottery","509","","0"
"13240","Betsy Ross Arts Magnet School","7","35","New Haven Resident","517","","0"
"13240","Betsy Ross Arts Magnet School","7","24","Suburban Market - Non-Resident","518","","0"
"13240","Betsy Ross Arts Magnet School","8","0","General Lottery","509","","0"
"13240","Betsy Ross Arts Magnet School","8","12","New Haven Resident","517","","0"
"13240","Betsy Ross Arts Magnet School","8","10","Suburban Market - Non-Resident","518","","0"
"13241","Bishop Woods Architecture & Design Magnet School","K","52","General Lottery","509","","0"
"13241","Bishop Woods Architecture & Design Magnet School","1","2","General Lottery","509","","0"
"13241","Bishop Woods Architecture & Design Magnet School","2","2","General Lottery","509","","0"
"13241","Bishop Woods Architecture & Design Magnet School","3","5","General Lottery","509","","0"
"13241","Bishop Woods Architecture & Design Magnet School","4","5","General Lottery","509","","0"
"13241","Bishop Woods Architecture & Design Magnet School","5","4","General Lottery","509","","0"
"13241","Bishop Woods Architecture & Design Magnet School","6","1","General Lottery","509","","0"
"13241","Bishop Woods Architecture & Design Magnet School","7","4","General Lottery","509","","0"
"13241","Bishop Woods Architecture & Design Magnet School","8","0","General Lottery","509","","0"
"13242","Booker T. Washington Academy Charter School","K","66","General Lottery","509","","0"
"13242","Booker T. Washington Academy Charter School","1","33","General Lottery","509","","0"
"13242","Booker T. Washington Academy Charter School","2","4","General Lottery","509","","0"
"13242","Booker T. Washington Academy Charter School","3","9","General Lottery","509","","0"
"13242","Booker T. Washington Academy Charter School","4","17","General Lottery","509","","0"
"13242","Booker T. Washington Academy Charter School","5","0","General Lottery","509","","0"
"13242","Booker T. Washington Academy Charter School","6","10","General Lottery","509","","0"
"13242","Booker T. Washington Academy Charter School","7","13","General Lottery","509","","0"
"13242","Booker T. Washington Academy Charter School","8","6","General Lottery","509","","0"
"13266","Brennan-Rogers School","PreK","0","General Lottery","509","","0"
"13266","Brennan-Rogers School","PreK3","7","General Lottery","509","","0"
"13266","Brennan-Rogers School","PreK4","5","General Lottery","509","","0"
"13266","Brennan-Rogers School","K","26","General Lottery","509","","0"
"13266","Brennan-Rogers School","1","17","General Lottery","509","","0"
"13266","Brennan-Rogers School","2","2","General Lottery","509","","0"
"13266","Brennan-Rogers School","3","2","General Lottery","509","","0"
"13266","Brennan-Rogers School","4","2","General Lottery","509","","0"
"13266","Brennan-Rogers School","5","2","General Lottery","509","","0"
"13266","Brennan-Rogers School","6","5","General Lottery","509","","0"
"13266","Brennan-Rogers School","7","30","General Lottery","509","","0"
"13266","Brennan-Rogers School","8","0","General Lottery","509","","0"
"13267","Celentano Biotech, Health and Medical Magnet School","PreK","0","General Lottery","509","","0"
"13267","Celentano Biotech, Health and Medical Magnet School","PreK3","20","General Lottery","509","","0"
"13267","Celentano Biotech, Health and Medical Magnet School","PreK4","7","General Lottery","509","","0"
"13267","Celentano Biotech, Health and Medical Magnet School","K","22","General Lottery","509","","0"
"13267","Celentano Biotech, Health and Medical Magnet School","1","5","General Lottery","509","","0"
"13267","Celentano Biotech, Health and Medical Magnet School","2","13","General Lottery","509","","0"
"13267","Celentano Biotech, Health and Medical Magnet School","3","10","General Lottery","509","","0"
"13267","Celentano Biotech, Health and Medical Magnet School","4","15","General Lottery","509","","0"
"13267","Celentano Biotech, Health and Medical Magnet School","5","10","General Lottery","509","","0"
"13267","Celentano Biotech, Health and Medical Magnet School","6","4","General Lottery","509","","0"
"13267","Celentano Biotech, Health and Medical Magnet School","7","2","General Lottery","509","","0"
"13267","Celentano Biotech, Health and Medical Magnet School","8","0","General Lottery","509","","0"
"13268","Clinton Avenue School","K","26","General Lottery","509","","0"
"13268","Clinton Avenue School","1","1","General Lottery","509","","0"
"13268","Clinton Avenue School","2","1","General Lottery","509","","0"
"13268","Clinton Avenue School","3","1","General Lottery","509","","0"
"13268","Clinton Avenue School","4","1","General Lottery","509","","0"
"13268","Clinton Avenue School","5","1","General Lottery","509","","0"
"13268","Clinton Avenue School","6","0","General Lottery","509","","0"
"13268","Clinton Avenue School","7","0","General Lottery","509","","0"
"13268","Clinton Avenue School","8","0","General Lottery","509","","0"
"13269","Common Ground Charter School","9","55","General Lottery","509","","0"
"13269","Common Ground Charter School","10","0","General Lottery","509","","0"
"13269","Common Ground Charter School","11","10","General Lottery","509","","0"
"13269","Common Ground Charter School","12","2","General Lottery","509","","0"
"13271","Davis Academy for Arts & Design Innovation","PreK","0","General Lottery","509","","0"
"13271","Davis Academy for Arts & Design Innovation","PreK","0","New Haven Resident","517","","0"
"13271","Davis Academy for Arts & Design Innovation","PreK","0","Suburban Market - Non-Resident","518","","0"
"13271","Davis Academy for Arts & Design Innovation","PreK3","0","General Lottery","509","","0"
"13271","Davis Academy for Arts & Design Innovation","PreK3","10","New Haven Resident","517","","0"
"13271","Davis Academy for Arts & Design Innovation","PreK3","10","Suburban Market - Non-Resident","518","","0"
"13271","Davis Academy for Arts & Design Innovation","PreK4","0","General Lottery","509","","0"
"13271","Davis Academy for Arts & Design Innovation","PreK4","10","New Haven Resident","517","","0"
"13271","Davis Academy for Arts & Design Innovation","PreK4","10","Suburban Market - Non-Resident","518","","0"
"13271","Davis Academy for Arts & Design Innovation","K","0","General Lottery","509","","0"
"13271","Davis Academy for Arts & Design Innovation","K","8","New Haven Resident","517","","0"
"13271","Davis Academy for Arts & Design Innovation","K","4","Suburban Market - Non-Resident","518","","0"
"13271","Davis Academy for Arts & Design Innovation","1","0","General Lottery","509","","0"
"13271","Davis Academy for Arts & Design Innovation","1","2","New Haven Resident","517","","0"
"13271","Davis Academy for Arts & Design Innovation","1","2","Suburban Market - Non-Resident","518","","0"
"13271","Davis Academy for Arts & Design Innovation","2","0","General Lottery","509","","0"
"13271","Davis Academy for Arts & Design Innovation","2","3","New Haven Resident","517","","0"
"13271","Davis Academy for Arts & Design Innovation","2","2","Suburban Market - Non-Resident","518","","0"
"13271","Davis Academy for Arts & Design Innovation","3","0","General Lottery","509","","0"
"13271","Davis Academy for Arts & Design Innovation","3","5","New Haven Resident","517","","0"
"13271","Davis Academy for Arts & Design Innovation","3","4","Suburban Market - Non-Resident","518","","0"
"13271","Davis Academy for Arts & Design Innovation","4","0","General Lottery","509","","0"
"13271","Davis Academy for Arts & Design Innovation","4","4","New Haven Resident","517","","0"
"13271","Davis Academy for Arts & Design Innovation","4","3","Suburban Market - Non-Resident","518","","0"
"13271","Davis Academy for Arts & Design Innovation","5","0","General Lottery","509","","0"
"13271","Davis Academy for Arts & Design Innovation","5","9","New Haven Resident","517","","0"
"13271","Davis Academy for Arts & Design Innovation","5","4","Suburban Market - Non-Resident","518","","0"
"13271","Davis Academy for Arts & Design Innovation","6","0","General Lottery","509","","0"
"13271","Davis Academy for Arts & Design Innovation","6","6","New Haven Resident","517","","0"
"13271","Davis Academy for Arts & Design Innovation","6","4","Suburban Market - Non-Resident","518","","0"
"13271","Davis Academy for Arts & Design Innovation","7","0","General Lottery","509","","0"
"13271","Davis Academy for Arts & Design Innovation","7","6","New Haven Resident","517","","0"
"13271","Davis Academy for Arts & Design Innovation","7","6","Suburban Market - Non-Resident","518","","0"
"13271","Davis Academy for Arts & Design Innovation","8","0","General Lottery","509","","0"
"13271","Davis Academy for Arts & Design Innovation","8","0","New Haven Resident","517","","0"
"13271","Davis Academy for Arts & Design Innovation","8","0","Suburban Market - Non-Resident","518","","0"
"13272","East Rock Community & Cultural Studies Magnet School","K","50","General Lottery","509","","0"
"13272","East Rock Community & Cultural Studies Magnet School","1","1","General Lottery","509","","0"
"13272","East Rock Community & Cultural Studies Magnet School","2","4","General Lottery","509","","0"
"13272","East Rock Community & Cultural Studies Magnet School","3","5","General Lottery","509","","0"
"13272","East Rock Community & Cultural Studies Magnet School","4","5","General Lottery","509","","0"
"13272","East Rock Community & Cultural Studies Magnet School","5","1","General Lottery","509","","0"
"13272","East Rock Community & Cultural Studies Magnet School","6","5","General Lottery","509","","0"
"13272","East Rock Community & Cultural Studies Magnet School","7","5","General Lottery","509","","0"
"13272","East Rock Community & Cultural Studies Magnet School","8","0","General Lottery","509","","0"
"13273","Edgewood Magnet School","K","52","General Lottery","509","","0"
"13273","Edgewood Magnet School","1","7","General Lottery","509","","0"
"13273","Edgewood Magnet School","2","5","General Lottery","509","","0"
"13273","Edgewood Magnet School","3","5","General Lottery","509","","0"
"13273","Edgewood Magnet School","4","5","General Lottery","509","","0"
"13273","Edgewood Magnet School","5","7","General Lottery","509","","0"
"13273","Edgewood Magnet School","6","5","General Lottery","509","","0"
"13273","Edgewood Magnet School","7","5","General Lottery","509","","0"
"13273","Edgewood Magnet School","8","0","General Lottery","509","","0"
"13274","Elm City College Preparatory Elementary & Middle School","K","60","General Lottery","509","","0"
"13274","Elm City College Preparatory Elementary & Middle School","1","8","General Lottery","509","","0"
"13274","Elm City College Preparatory Elementary & Middle School","2","9","General Lottery","509","","0"
"13274","Elm City College Preparatory Elementary & Middle School","3","7","General Lottery","509","","0"
"13274","Elm City College Preparatory Elementary & Middle School","4","5","General Lottery","509","","0"
"13274","Elm City College Preparatory Elementary & Middle School","5","3","General Lottery","509","","0"
"13274","Elm City College Preparatory Elementary & Middle School","6","8","General Lottery","509","","0"
"13274","Elm City College Preparatory Elementary & Middle School","7","6","General Lottery","509","","0"
"13274","Elm City College Preparatory Elementary & Middle School","8","0","General Lottery","509","","0"
"13275","Elm City Montessori Charter School","PreK","0","General Lottery","509","","0"
"13275","Elm City Montessori Charter School","PreK3","34","General Lottery","509","","0"
"13275","Elm City Montessori Charter School","PreK4","0","General Lottery","509","","0"
"13275","Elm City Montessori Charter School","K","5","General Lottery","509","","0"
"13275","Elm City Montessori Charter School","1","4","General Lottery","509","","0"
"13275","Elm City Montessori Charter School","2","6","General Lottery","509","","0"
"13275","Elm City Montessori Charter School","3","0","General Lottery","509","","0"
"13275","Elm City Montessori Charter School","4","0","General Lottery","509","","0"
"13275","Elm City Montessori Charter School","5","5","General Lottery","509","","0"
"13275","Elm City Montessori Charter School","6","0","General Lottery","509","","0"
"13275","Elm City Montessori Charter School","7","0","General Lottery","509","","0"
"13275","Elm City Montessori Charter School","8","2","General Lottery","509","","0"
"13276","Engineering & Science University Magnet School","6","0","General Lottery","509","","0"
"13276","Engineering & Science University Magnet School","6","17","West Haven","516","","0"
"13276","Engineering & Science University Magnet School","6","41","New Haven Resident","517","","0"
"13276","Engineering & Science University Magnet School","6","26","Suburban (ESUMS only)","519","","0"
"13276","Engineering & Science University Magnet School","7","0","General Lottery","509","","0"
"13276","Engineering & Science University Magnet School","7","0","West Haven","516","","0"
"13276","Engineering & Science University Magnet School","7","1","New Haven Resident","517","","0"
"13276","Engineering & Science University Magnet School","7","1","Suburban (ESUMS only)","519","","0"
"13276","Engineering & Science University Magnet School","8","0","General Lottery","509","","0"
"13276","Engineering & Science University Magnet School","8","0","West Haven","516","","0"
"13276","Engineering & Science University Magnet School","8","0","New Haven Resident","517","","0"
"13276","Engineering & Science University Magnet School","8","0","Suburban (ESUMS only)","519","","0"
"13276","Engineering & Science University Magnet School","9","0","General Lottery","509","","0"
"13276","Engineering & Science University Magnet School","9","3","West Haven","516","","0"
"13276","Engineering & Science University Magnet School","9","6","New Haven Resident","517","","0"
"13276","Engineering & Science University Magnet School","9","3","Suburban (ESUMS only)","519","","0"
"13276","Engineering & Science University Magnet School","10","0","General Lottery","509","","0"
"13276","Engineering & Science University Magnet School","10","2","West Haven","516","","0"
"13276","Engineering & Science University Magnet School","10","4","New Haven Resident","517","","0"
"13276","Engineering & Science University Magnet School","10","2","Suburban (ESUMS only)","519","","0"
"13276","Engineering & Science University Magnet School","11","0","General Lottery","509","","0"
"13276","Engineering & Science University Magnet School","11","0","West Haven","516","","0"
"13276","Engineering & Science University Magnet School","11","0","New Haven Resident","517","","0"
"13276","Engineering & Science University Magnet School","11","0","Suburban (ESUMS only)","519","","0"
"13276","Engineering & Science University Magnet School","12","0","General Lottery","509","","0"
"13276","Engineering & Science University Magnet School","12","0","West Haven","516","","0"
"13276","Engineering & Science University Magnet School","12","0","New Haven Resident","517","","0"
"13276","Engineering & Science University Magnet School","12","0","Suburban (ESUMS only)","519","","0"
"13277","Fair Haven School","K","75","General Lottery","509","","0"
"13277","Fair Haven School","1","3","General Lottery","509","","0"
"13277","Fair Haven School","2","3","General Lottery","509","","0"
"13277","Fair Haven School","3","3","General Lottery","509","","0"
"13277","Fair Haven School","4","3","General Lottery","509","","0"
"13277","Fair Haven School","5","0","General Lottery","509","","0"
"13277","Fair Haven School","6","0","General Lottery","509","","0"
"13277","Fair Haven School","7","0","General Lottery","509","","0"
"13277","Fair Haven School","8","0","General Lottery","509","","0"
"13278","Family Academy of Multilingual Exploration","K","52","General Lottery","509","","0"
"13278","Family Academy of Multilingual Exploration","1","2","General Lottery","509","","0"
"13278","Family Academy of Multilingual Exploration","2","0","General Lottery","509","","0"
"13278","Family Academy of Multilingual Exploration","3","0","General Lottery","509","","0"
"13278","Family Academy of Multilingual Exploration","4","0","General Lottery","509","","0"
"13278","Family Academy of Multilingual Exploration","5","0","General Lottery","509","","0"
"13278","Family Academy of Multilingual Exploration","6","0","General Lottery","509","","0"
"13278","Family Academy of Multilingual Exploration","7","0","General Lottery","509","","0"
"13278","Family Academy of Multilingual Exploration","8","0","General Lottery","509","","0"
"13279","Harry A. Conte West Hills Magnet School","PreK3","6","General Lottery","509","","0"
"13279","Harry A. Conte West Hills Magnet School","PreK4","2","General Lottery","509","","0"
"13279","Harry A. Conte West Hills Magnet School","K","50","General Lottery","509","","0"
"13279","Harry A. Conte West Hills Magnet School","1","10","General Lottery","509","","0"
"13279","Harry A. Conte West Hills Magnet School","2","15","General Lottery","509","","0"
"13279","Harry A. Conte West Hills Magnet School","3","15","General Lottery","509","","0"
"13279","Harry A. Conte West Hills Magnet School","4","20","General Lottery","509","","0"
"13279","Harry A. Conte West Hills Magnet School","5","20","General Lottery","509","","0"
"13279","Harry A. Conte West Hills Magnet School","6","10","General Lottery","509","","0"
"13279","Harry A. Conte West Hills Magnet School","7","20","General Lottery","509","","0"
"13279","Harry A. Conte West Hills Magnet School","8","0","General Lottery","509","","0"
"13280","High School in the Community","9","0","General Lottery","509","","0"
"13280","High School in the Community","9","40","New Haven Resident","517","","0"
"13280","High School in the Community","9","50","Suburban Market - Non-Resident","518","","0"
"13280","High School in the Community","10","0","General Lottery","509","","0"
"13280","High School in the Community","10","8","New Haven Resident","517","","0"
"13280","High School in the Community","10","5","Suburban Market - Non-Resident","518","","0"
"13280","High School in the Community","11","0","General Lottery","509","","0"
"13280","High School in the Community","11","0","New Haven Resident","517","","0"
"13280","High School in the Community","11","1","Suburban Market - Non-Resident","518","","0"
"13280","High School in the Community","12","0","General Lottery","509","","0"
"13280","High School in the Community","12","0","New Haven Resident","517","","0"
"13280","High School in the Community","12","1","Suburban Market - Non-Resident","518","","0"
"13281","Highville Charter School","PreK","0","General Lottery","509","","0"
"13281","Highville Charter School","K","0","General Lottery","509","","0"
"13281","Highville Charter School","1","0","General Lottery","509","","0"
"13281","Highville Charter School","2","0","General Lottery","509","","0"
"13281","Highville Charter School","3","2","General Lottery","509","","0"
"13281","Highville Charter School","4","3","General Lottery","509","","0"
"13281","Highville Charter School","5","2","General Lottery","509","","0"
"13281","Highville Charter School","6","2","General Lottery","509","","0"
"13281","Highville Charter School","7","4","General Lottery","509","","0"
"13281","Highville Charter School","8","2","General Lottery","509","","0"
"13281","Highville Charter School","9","0","General Lottery","509","","0"
"13281","Highville Charter School","10","0","General Lottery","509","","0"
"13281","Highville Charter School","11","0","General Lottery","509","","0"
"13281","Highville Charter School","12","0","General Lottery","509","","0"
"13282","Hill Central Music Academy","K","26","General Lottery","509","","0"
"13282","Hill Central Music Academy","1","0","General Lottery","509","","0"
"13282","Hill Central Music Academy","2","0","General Lottery","509","","0"
"13282","Hill Central Music Academy","3","0","General Lottery","509","","0"
"13282","Hill Central Music Academy","4","0","General Lottery","509","","0"
"13282","Hill Central Music Academy","5","0","General Lottery","509","","0"
"13282","Hill Central Music Academy","6","0","General Lottery","509","","0"
"13282","Hill Central Music Academy","7","0","General Lottery","509","","0"
"13282","Hill Central Music Academy","8","0","General Lottery","509","","0"
"13283","Career-Business & Finance Emphasis","9","0","General Lottery","509","","0"
"13283","Career-Business & Finance Emphasis","9","55","New Haven Resident","517","","0"
"13283","Career-Business & Finance Emphasis","9","24","Suburban Market - Non-Resident","518","","0"
"13283","Career-Business & Finance Emphasis","10","0","General Lottery","509","","0"
"13283","Career-Business & Finance Emphasis","10","4","New Haven Resident","517","","0"
"13283","Career-Business & Finance Emphasis","10","4","Suburban Market - Non-Resident","518","","0"
"13283","Career-Business & Finance Emphasis","11","0","General Lottery","509","","0"
"13283","Career-Business & Finance Emphasis","11","3","New Haven Resident","517","","0"
"13283","Career-Business & Finance Emphasis","11","0","Suburban Market - Non-Resident","518","","0"
"13283","Career-Business & Finance Emphasis","12","0","General Lottery","509","","0"
"13283","Career-Business & Finance Emphasis","12","3","New Haven Resident","517","","0"
"13283","Career-Business & Finance Emphasis","12","0","Suburban Market - Non-Resident","518","","0"
"13284","James Hillhouse High School","9","0","General Lottery","509","","0"
"13284","James Hillhouse High School","9","55","Zoned School","514","","0"
"13284","James Hillhouse High School","9","0","Non-Zoned School","515","","0"
"13284","James Hillhouse High School","10","0","General Lottery","509","","0"
"13284","James Hillhouse High School","10","11","Zoned School","514","","0"
"13284","James Hillhouse High School","10","0","Non-Zoned School","515","","0"
"13284","James Hillhouse High School","11","0","General Lottery","509","","0"
"13284","James Hillhouse High School","11","9","Zoned School","514","","0"
"13284","James Hillhouse High School","11","0","Non-Zoned School","515","","0"
"13284","James Hillhouse High School","12","0","General Lottery","509","","0"
"13284","James Hillhouse High School","12","5","Zoned School","514","","0"
"13284","James Hillhouse High School","12","0","Non-Zoned School","515","","0"
"13285","John C. Daniels Interdistrict school of International Communication","PreK","0","General Lottery","509","","0"
"13285","John C. Daniels Interdistrict school of International Communication","PreK","0","English NH","510","","0"
"13285","John C. Daniels Interdistrict school of International Communication","PreK","0","Non-English NH","511","","0"
"13285","John C. Daniels Interdistrict school of International Communication","PreK","0","Suburban English","512","","0"
"13285","John C. Daniels Interdistrict school of International Communication","PreK","0","Suburban Non-English","513","","0"
"13285","John C. Daniels Interdistrict school of International Communication","PreK3","0","General Lottery","509","","0"
"13285","John C. Daniels Interdistrict school of International Communication","PreK3","12","English NH","510","","0"
"13285","John C. Daniels Interdistrict school of International Communication","PreK3","8","Non-English NH","511","","0"
"13285","John C. Daniels Interdistrict school of International Communication","PreK3","12","Suburban English","512","","0"
"13285","John C. Daniels Interdistrict school of International Communication","PreK3","8","Suburban Non-English","513","","0"
"13285","John C. Daniels Interdistrict school of International Communication","PreK4","0","General Lottery","509","","0"
"13285","John C. Daniels Interdistrict school of International Communication","PreK4","1","English NH","510","","0"
"13285","John C. Daniels Interdistrict school of International Communication","PreK4","0","Non-English NH","511","","0"
"13285","John C. Daniels Interdistrict school of International Communication","PreK4","2","Suburban English","512","","0"
"13285","John C. Daniels Interdistrict school of International Communication","PreK4","0","Suburban Non-English","513","","0"
"13285","John C. Daniels Interdistrict school of International Communication","K","0","General Lottery","509","","0"
"13285","John C. Daniels Interdistrict school of International Communication","K","3","English NH","510","","0"
"13285","John C. Daniels Interdistrict school of International Communication","K","3","Non-English NH","511","","0"
"13285","John C. Daniels Interdistrict school of International Communication","K","3","Suburban English","512","","0"
"13285","John C. Daniels Interdistrict school of International Communication","K","3","Suburban Non-English","513","","0"
"13285","John C. Daniels Interdistrict school of International Communication","1","0","General Lottery","509","","0"
"13285","John C. Daniels Interdistrict school of International Communication","1","2","English NH","510","","0"
"13285","John C. Daniels Interdistrict school of International Communication","1","2","Non-English NH","511","","0"
"13285","John C. Daniels Interdistrict school of International Communication","1","2","Suburban English","512","","0"
"13285","John C. Daniels Interdistrict school of International Communication","1","2","Suburban Non-English","513","","0"
"13285","John C. Daniels Interdistrict school of International Communication","2","0","General Lottery","509","","0"
"13285","John C. Daniels Interdistrict school of International Communication","2","3","English NH","510","","0"
"13285","John C. Daniels Interdistrict school of International Communication","2","1","Non-English NH","511","","0"
"13285","John C. Daniels Interdistrict school of International Communication","2","3","Suburban English","512","","0"
"13285","John C. Daniels Interdistrict school of International Communication","2","1","Suburban Non-English","513","","0"
"13285","John C. Daniels Interdistrict school of International Communication","3","0","General Lottery","509","","0"
"13285","John C. Daniels Interdistrict school of International Communication","3","2","English NH","510","","0"
"13285","John C. Daniels Interdistrict school of International Communication","3","1","Non-English NH","511","","0"
"13285","John C. Daniels Interdistrict school of International Communication","3","2","Suburban English","512","","0"
"13285","John C. Daniels Interdistrict school of International Communication","3","1","Suburban Non-English","513","","0"
"13285","John C. Daniels Interdistrict school of International Communication","4","0","General Lottery","509","","0"
"13285","John C. Daniels Interdistrict school of International Communication","4","1","English NH","510","","0"
"13285","John C. Daniels Interdistrict school of International Communication","4","1","Non-English NH","511","","0"
"13285","John C. Daniels Interdistrict school of International Communication","4","1","Suburban English","512","","0"
"13285","John C. Daniels Interdistrict school of International Communication","4","1","Suburban Non-English","513","","0"
"13285","John C. Daniels Interdistrict school of International Communication","5","0","General Lottery","509","","0"
"13285","John C. Daniels Interdistrict school of International Communication","5","0","English NH","510","","0"
"13285","John C. Daniels Interdistrict school of International Communication","5","0","Non-English NH","511","","0"
"13285","John C. Daniels Interdistrict school of International Communication","5","0","Suburban English","512","","0"
"13285","John C. Daniels Interdistrict school of International Communication","5","0","Suburban Non-English","513","","0"
"13285","John C. Daniels Interdistrict school of International Communication","6","0","General Lottery","509","","0"
"13285","John C. Daniels Interdistrict school of International Communication","6","0","English NH","510","","0"
"13285","John C. Daniels Interdistrict school of International Communication","6","0","Non-English NH","511","","0"
"13285","John C. Daniels Interdistrict school of International Communication","6","0","Suburban English","512","","0"
"13285","John C. Daniels Interdistrict school of International Communication","6","0","Suburban Non-English","513","","0"
"13285","John C. Daniels Interdistrict school of International Communication","7","0","General Lottery","509","","0"
"13285","John C. Daniels Interdistrict school of International Communication","7","0","English NH","510","","0"
"13285","John C. Daniels Interdistrict school of International Communication","7","0","Non-English NH","511","","0"
"13285","John C. Daniels Interdistrict school of International Communication","7","0","Suburban English","512","","0"
"13285","John C. Daniels Interdistrict school of International Communication","7","0","Suburban Non-English","513","","0"
"13285","John C. Daniels Interdistrict school of International Communication","8","0","General Lottery","509","","0"
"13285","John C. Daniels Interdistrict school of International Communication","8","0","English NH","510","","0"
"13285","John C. Daniels Interdistrict school of International Communication","8","0","Non-English NH","511","","0"
"13285","John C. Daniels Interdistrict school of International Communication","8","0","Suburban English","512","","0"
"13285","John C. Daniels Interdistrict school of International Communication","8","0","Suburban Non-English","513","","0"
"13286","John S. Martinez Sea & Sky STEM Magnet School","K","38","General Lottery","509","","0"
"13286","John S. Martinez Sea & Sky STEM Magnet School","1","0","General Lottery","509","","0"
"13286","John S. Martinez Sea & Sky STEM Magnet School","2","0","General Lottery","509","","0"
"13286","John S. Martinez Sea & Sky STEM Magnet School","3","0","General Lottery","509","","0"
"13286","John S. Martinez Sea & Sky STEM Magnet School","4","0","General Lottery","509","","0"
"13286","John S. Martinez Sea & Sky STEM Magnet School","5","0","General Lottery","509","","0"
"13286","John S. Martinez Sea & Sky STEM Magnet School","6","0","General Lottery","509","","0"
"13286","John S. Martinez Sea & Sky STEM Magnet School","7","0","General Lottery","509","","0"
"13286","John S. Martinez Sea & Sky STEM Magnet School","8","0","General Lottery","509","","0"
"13287","King-Robinson: IB STEM School","PreK","0","General Lottery","509","","0"
"13287","King-Robinson: IB STEM School","PreK","0","New Haven Resident","517","","0"
"13287","King-Robinson: IB STEM School","PreK","0","Suburban Market - Non-Resident","518","","0"
"13287","King-Robinson: IB STEM School","PreK3","0","General Lottery","509","","0"
"13287","King-Robinson: IB STEM School","PreK3","8","New Haven Resident","517","","0"
"13287","King-Robinson: IB STEM School","PreK3","12","Suburban Market - Non-Resident","518","","0"
"13287","King-Robinson: IB STEM School","PreK4","0","General Lottery","509","","0"
"13287","King-Robinson: IB STEM School","PreK4","9","New Haven Resident","517","","0"
"13287","King-Robinson: IB STEM School","PreK4","12","Suburban Market - Non-Resident","518","","0"
"13287","King-Robinson: IB STEM School","K","0","General Lottery","509","","0"
"13287","King-Robinson: IB STEM School","K","5","New Haven Resident","517","","0"
"13287","King-Robinson: IB STEM School","K","10","Suburban Market - Non-Resident","518","","0"
"13287","King-Robinson: IB STEM School","1","0","General Lottery","509","","0"
"13287","King-Robinson: IB STEM School","1","5","New Haven Resident","517","","0"
"13287","King-Robinson: IB STEM School","1","11","Suburban Market - Non-Resident","518","","0"
"13287","King-Robinson: IB STEM School","2","0","General Lottery","509","","0"
"13287","King-Robinson: IB STEM School","2","4","New Haven Resident","517","","0"
"13287","King-Robinson: IB STEM School","2","9","Suburban Market - Non-Resident","518","","0"
"13287","King-Robinson: IB STEM School","3","0","General Lottery","509","","0"
"13287","King-Robinson: IB STEM School","3","4","New Haven Resident","517","","0"
"13287","King-Robinson: IB STEM School","3","8","Suburban Market - Non-Resident","518","","0"
"13287","King-Robinson: IB STEM School","4","0","General Lottery","509","","0"
"13287","King-Robinson: IB STEM School","4","2","New Haven Resident","517","","0"
"13287","King-Robinson: IB STEM School","4","12","Suburban Market - Non-Resident","518","","0"
"13287","King-Robinson: IB STEM School","5","0","General Lottery","509","","0"
"13287","King-Robinson: IB STEM School","5","2","New Haven Resident","517","","0"
"13287","King-Robinson: IB STEM School","5","12","Suburban Market - Non-Resident","518","","0"
"13287","King-Robinson: IB STEM School","6","0","General Lottery","509","","0"
"13287","King-Robinson: IB STEM School","6","2","New Haven Resident","517","","0"
"13287","King-Robinson: IB STEM School","6","5","Suburban Market - Non-Resident","518","","0"
"13287","King-Robinson: IB STEM School","7","0","General Lottery","509","","0"
"13287","King-Robinson: IB STEM School","7","6","New Haven Resident","517","","0"
"13287","King-Robinson: IB STEM School","7","7","Suburban Market - Non-Resident","518","","0"
"13287","King-Robinson: IB STEM School","8","0","General Lottery","509","","0"
"13287","King-Robinson: IB STEM School","8","0","New Haven Resident","517","","0"
"13287","King-Robinson: IB STEM School","8","0","Suburban Market - Non-Resident","518","","0"
"13288","L.W. Beecher Museum School of Arts & Sciences","PreK","0","General Lottery","509","","0"
"13288","L.W. Beecher Museum School of Arts & Sciences","PreK","0","New Haven Resident","517","","0"
"13288","L.W. Beecher Museum School of Arts & Sciences","PreK","0","Suburban Market - Non-Resident","518","","0"
"13288","L.W. Beecher Museum School of Arts & Sciences","PreK3","0","General Lottery","509","","0"
"13288","L.W. Beecher Museum School of Arts & Sciences","PreK3","10","New Haven Resident","517","","0"
"13288","L.W. Beecher Museum School of Arts & Sciences","PreK3","10","Suburban Market - Non-Resident","518","","0"
"13288","L.W. Beecher Museum School of Arts & Sciences","PreK4","0","General Lottery","509","","0"
"13288","L.W. Beecher Museum School of Arts & Sciences","PreK4","10","New Haven Resident","517","","0"
"13288","L.W. Beecher Museum School of Arts & Sciences","PreK4","10","Suburban Market - Non-Resident","518","","0"
"13288","L.W. Beecher Museum School of Arts & Sciences","K","0","General Lottery","509","","0"
"13288","L.W. Beecher Museum School of Arts & Sciences","K","6","New Haven Resident","517","","0"
"13288","L.W. Beecher Museum School of Arts & Sciences","K","6","Suburban Market - Non-Resident","518","","0"
"13288","L.W. Beecher Museum School of Arts & Sciences","1","0","General Lottery","509","","0"
"13288","L.W. Beecher Museum School of Arts & Sciences","1","4","New Haven Resident","517","","0"
"13288","L.W. Beecher Museum School of Arts & Sciences","1","7","Suburban Market - Non-Resident","518","","0"
"13288","L.W. Beecher Museum School of Arts & Sciences","2","0","General Lottery","509","","0"
"13288","L.W. Beecher Museum School of Arts & Sciences","2","3","New Haven Resident","517","","0"
"13288","L.W. Beecher Museum School of Arts & Sciences","2","3","Suburban Market - Non-Resident","518","","0"
"13288","L.W. Beecher Museum School of Arts & Sciences","3","0","General Lottery","509","","0"
"13288","L.W. Beecher Museum School of Arts & Sciences","3","2","New Haven Resident","517","","0"
"13288","L.W. Beecher Museum School of Arts & Sciences","3","2","Suburban Market - Non-Resident","518","","0"
"13288","L.W. Beecher Museum School of Arts & Sciences","4","0","General Lottery","509","","0"
"13288","L.W. Beecher Museum School of Arts & Sciences","4","3","New Haven Resident","517","","0"
"13288","L.W. Beecher Museum School of Arts & Sciences","4","3","Suburban Market - Non-Resident","518","","0"
"13288","L.W. Beecher Museum School of Arts & Sciences","5","0","General Lottery","509","","0"
"13288","L.W. Beecher Museum School of Arts & Sciences","5","8","New Haven Resident","517","","0"
"13288","L.W. Beecher Museum School of Arts & Sciences","5","3","Suburban Market - Non-Resident","518","","0"
"13288","L.W. Beecher Museum School of Arts & Sciences","6","0","General Lottery","509","","0"
"13288","L.W. Beecher Museum School of Arts & Sciences","6","3","New Haven Resident","517","","0"
"13288","L.W. Beecher Museum School of Arts & Sciences","6","3","Suburban Market - Non-Resident","518","","0"
"13288","L.W. Beecher Museum School of Arts & Sciences","7","0","General Lottery","509","","0"
"13288","L.W. Beecher Museum School of Arts & Sciences","7","7","New Haven Resident","517","","0"
"13288","L.W. Beecher Museum School of Arts & Sciences","7","2","Suburban Market - Non-Resident","518","","0"
"13288","L.W. Beecher Museum School of Arts & Sciences","8","0","General Lottery","509","","0"
"13288","L.W. Beecher Museum School of Arts & Sciences","8","0","New Haven Resident","517","","0"
"13288","L.W. Beecher Museum School of Arts & Sciences","8","0","Suburban Market - Non-Resident","518","","0"
"13289","Lincoln-Bassett Community School","K","24","General Lottery","509","","0"
"13289","Lincoln-Bassett Community School","1","1","General Lottery","509","","0"
"13289","Lincoln-Bassett Community School","2","4","General Lottery","509","","0"
"13289","Lincoln-Bassett Community School","3","20","General Lottery","509","","0"
"13289","Lincoln-Bassett Community School","4","23","General Lottery","509","","0"
"13289","Lincoln-Bassett Community School","5","0","General Lottery","509","","0"
"13289","Lincoln-Bassett Community School","6","0","General Lottery","509","","0"
"13290","Mauro-Sheridan Science, Technology & Communications Interdistrict Magnet","PreK","0","General Lottery","509","","0"
"13290","Mauro-Sheridan Science, Technology & Communications Interdistrict Magnet","PreK","0","New Haven Resident","517","","0"
"13290","Mauro-Sheridan Science, Technology & Communications Interdistrict Magnet","PreK","0","Suburban Market - Non-Resident","518","","0"
"13290","Mauro-Sheridan Science, Technology & Communications Interdistrict Magnet","PreK3","0","General Lottery","509","","0"
"13290","Mauro-Sheridan Science, Technology & Communications Interdistrict Magnet","PreK3","10","New Haven Resident","517","","0"
"13290","Mauro-Sheridan Science, Technology & Communications Interdistrict Magnet","PreK3","10","Suburban Market - Non-Resident","518","","0"
"13290","Mauro-Sheridan Science, Technology & Communications Interdistrict Magnet","PreK4","0","General Lottery","509","","0"
"13290","Mauro-Sheridan Science, Technology & Communications Interdistrict Magnet","PreK4","9","New Haven Resident","517","","0"
"13290","Mauro-Sheridan Science, Technology & Communications Interdistrict Magnet","PreK4","9","Suburban Market - Non-Resident","518","","0"
"13290","Mauro-Sheridan Science, Technology & Communications Interdistrict Magnet","K","0","General Lottery","509","","0"
"13290","Mauro-Sheridan Science, Technology & Communications Interdistrict Magnet","K","7","New Haven Resident","517","","0"
"13290","Mauro-Sheridan Science, Technology & Communications Interdistrict Magnet","K","8","Suburban Market - Non-Resident","518","","0"
"13290","Mauro-Sheridan Science, Technology & Communications Interdistrict Magnet","1","0","General Lottery","509","","0"
"13290","Mauro-Sheridan Science, Technology & Communications Interdistrict Magnet","1","6","New Haven Resident","517","","0"
"13290","Mauro-Sheridan Science, Technology & Communications Interdistrict Magnet","1","6","Suburban Market - Non-Resident","518","","0"
"13290","Mauro-Sheridan Science, Technology & Communications Interdistrict Magnet","2","0","General Lottery","509","","0"
"13290","Mauro-Sheridan Science, Technology & Communications Interdistrict Magnet","2","3","New Haven Resident","517","","0"
"13290","Mauro-Sheridan Science, Technology & Communications Interdistrict Magnet","2","3","Suburban Market - Non-Resident","518","","0"
"13290","Mauro-Sheridan Science, Technology & Communications Interdistrict Magnet","3","0","General Lottery","509","","0"
"13290","Mauro-Sheridan Science, Technology & Communications Interdistrict Magnet","3","4","New Haven Resident","517","","0"
"13290","Mauro-Sheridan Science, Technology & Communications Interdistrict Magnet","3","3","Suburban Market - Non-Resident","518","","0"
"13290","Mauro-Sheridan Science, Technology & Communications Interdistrict Magnet","4","0","General Lottery","509","","0"
"13290","Mauro-Sheridan Science, Technology & Communications Interdistrict Magnet","4","2","New Haven Resident","517","","0"
"13290","Mauro-Sheridan Science, Technology & Communications Interdistrict Magnet","4","1","Suburban Market - Non-Resident","518","","0"
"13290","Mauro-Sheridan Science, Technology & Communications Interdistrict Magnet","5","0","General Lottery","509","","0"
"13290","Mauro-Sheridan Science, Technology & Communications Interdistrict Magnet","5","2","New Haven Resident","517","","0"
"13290","Mauro-Sheridan Science, Technology & Communications Interdistrict Magnet","5","2","Suburban Market - Non-Resident","518","","0"
"13290","Mauro-Sheridan Science, Technology & Communications Interdistrict Magnet","6","0","General Lottery","509","","0"
"13290","Mauro-Sheridan Science, Technology & Communications Interdistrict Magnet","6","1","New Haven Resident","517","","0"
"13290","Mauro-Sheridan Science, Technology & Communications Interdistrict Magnet","6","1","Suburban Market - Non-Resident","518","","0"
"13290","Mauro-Sheridan Science, Technology & Communications Interdistrict Magnet","7","0","General Lottery","509","","0"
"13290","Mauro-Sheridan Science, Technology & Communications Interdistrict Magnet","7","6","New Haven Resident","517","","0"
"13290","Mauro-Sheridan Science, Technology & Communications Interdistrict Magnet","7","4","Suburban Market - Non-Resident","518","","0"
"13290","Mauro-Sheridan Science, Technology & Communications Interdistrict Magnet","8","0","General Lottery","509","","0"
"13290","Mauro-Sheridan Science, Technology & Communications Interdistrict Magnet","8","0","New Haven Resident","517","","0"
"13290","Mauro-Sheridan Science, Technology & Communications Interdistrict Magnet","8","0","Suburban Market - Non-Resident","518","","0"
"13291","Metropolitan Business Academy","9","0","General Lottery","509","","0"
"13291","Metropolitan Business Academy","9","76","New Haven Resident","517","","0"
"13291","Metropolitan Business Academy","9","44","Suburban Market - Non-Resident","518","","0"
"13291","Metropolitan Business Academy","10","0","General Lottery","509","","0"
"13291","Metropolitan Business Academy","10","10","New Haven Resident","517","","0"
"13291","Metropolitan Business Academy","10","7","Suburban Market - Non-Resident","518","","0"
"13291","Metropolitan Business Academy","11","0","General Lottery","509","","0"
"13291","Metropolitan Business Academy","11","6","New Haven Resident","517","","0"
"13291","Metropolitan Business Academy","11","0","Suburban Market - Non-Resident","518","","0"
"13291","Metropolitan Business Academy","12","0","General Lottery","509","","0"
"13291","Metropolitan Business Academy","12","0","New Haven Resident","517","","0"
"13291","Metropolitan Business Academy","12","0","Suburban Market - Non-Resident","518","","0"
"13292","Nathan Hale School","K","50","General Lottery","509","","0"
"13292","Nathan Hale School","1","0","General Lottery","509","","0"
"13292","Nathan Hale School","2","3","General Lottery","509","","0"
"13292","Nathan Hale School","3","2","General Lottery","509","","0"
"13292","Nathan Hale School","4","4","General Lottery","509","","0"
"13292","Nathan Hale School","5","6","General Lottery","509","","0"
"13292","Nathan Hale School","6","5","General Lottery","509","","0"
"13292","Nathan Hale School","7","0","General Lottery","509","","0"
"13292","Nathan Hale School","8","0","General Lottery","509","","0"
"13293","New Haven Academy","9","0","General Lottery","509","","0"
"13293","New Haven Academy","9","55","New Haven Resident","517","","0"
"13293","New Haven Academy","9","30","Suburban Market - Non-Resident","518","","0"
"13293","New Haven Academy","10","0","General Lottery","509","","0"
"13293","New Haven Academy","10","2","New Haven Resident","517","","0"
"13293","New Haven Academy","10","2","Suburban Market - Non-Resident","518","","0"
"13293","New Haven Academy","11","0","General Lottery","509","","0"
"13293","New Haven Academy","11","3","New Haven Resident","517","","0"
"13293","New Haven Academy","11","1","Suburban Market - Non-Resident","518","","0"
"13293","New Haven Academy","12","0","General Lottery","509","","0"
"13293","New Haven Academy","12","6","New Haven Resident","517","","0"
"13293","New Haven Academy","12","0","Suburban Market - Non-Resident","518","","0"
"13294","Roberto Clemente Leadership Academy","K","50","General Lottery","509","","0"
"13294","Roberto Clemente Leadership Academy","1","3","General Lottery","509","","0"
"13294","Roberto Clemente Leadership Academy","2","3","General Lottery","509","","0"
"13294","Roberto Clemente Leadership Academy","3","10","General Lottery","509","","0"
"13294","Roberto Clemente Leadership Academy","4","2","General Lottery","509","","0"
"13294","Roberto Clemente Leadership Academy","5","2","General Lottery","509","","0"
"13294","Roberto Clemente Leadership Academy","6","2","General Lottery","509","","0"
"13294","Roberto Clemente Leadership Academy","7","2","General Lottery","509","","0"
"13294","Roberto Clemente Leadership Academy","8","0","General Lottery","509","","0"
"13295","Ross-Woodward Classical Studies Academy","PreK","0","General Lottery","509","","0"
"13295","Ross-Woodward Classical Studies Academy","PreK","0","New Haven Resident","517","","0"
"13295","Ross-Woodward Classical Studies Academy","PreK","0","Suburban Market - Non-Resident","518","","0"
"13295","Ross-Woodward Classical Studies Academy","PreK3","0","General Lottery","509","","0"
"13295","Ross-Woodward Classical Studies Academy","PreK3","9","New Haven Resident","517","","0"
"13295","Ross-Woodward Classical Studies Academy","PreK3","11","Suburban Market - Non-Resident","518","","0"
"13295","Ross-Woodward Classical Studies Academy","PreK4","0","General Lottery","509","","0"
"13295","Ross-Woodward Classical Studies Academy","PreK4","10","New Haven Resident","517","","0"
"13295","Ross-Woodward Classical Studies Academy","PreK4","11","Suburban Market - Non-Resident","518","","0"
"13295","Ross-Woodward Classical Studies Academy","K","0","General Lottery","509","","0"
"13295","Ross-Woodward Classical Studies Academy","K","20","New Haven Resident","517","","0"
"13295","Ross-Woodward Classical Studies Academy","K","22","Suburban Market - Non-Resident","518","","0"
"13295","Ross-Woodward Classical Studies Academy","1","0","General Lottery","509","","0"
"13295","Ross-Woodward Classical Studies Academy","1","7","New Haven Resident","517","","0"
"13295","Ross-Woodward Classical Studies Academy","1","15","Suburban Market - Non-Resident","518","","0"
"13295","Ross-Woodward Classical Studies Academy","2","0","General Lottery","509","","0"
"13295","Ross-Woodward Classical Studies Academy","2","3","New Haven Resident","517","","0"
"13295","Ross-Woodward Classical Studies Academy","2","10","Suburban Market - Non-Resident","518","","0"
"13295","Ross-Woodward Classical Studies Academy","3","0","General Lottery","509","","0"
"13295","Ross-Woodward Classical Studies Academy","3","10","New Haven Resident","517","","0"
"13295","Ross-Woodward Classical Studies Academy","3","12","Suburban Market - Non-Resident","518","","0"
"13295","Ross-Woodward Classical Studies Academy","4","0","General Lottery","509","","0"
"13295","Ross-Woodward Classical Studies Academy","4","17","New Haven Resident","517","","0"
"13295","Ross-Woodward Classical Studies Academy","4","13","Suburban Market - Non-Resident","518","","0"
"13295","Ross-Woodward Classical Studies Academy","5","0","General Lottery","509","","0"
"13295","Ross-Woodward Classical Studies Academy","5","5","New Haven Resident","517","","0"
"13295","Ross-Woodward Classical Studies Academy","5","12","Suburban Market - Non-Resident","518","","0"
"13295","Ross-Woodward Classical Studies Academy","6","0","General Lottery","509","","0"
"13295","Ross-Woodward Classical Studies Academy","6","6","New Haven Resident","517","","0"
"13295","Ross-Woodward Classical Studies Academy","6","10","Suburban Market - Non-Resident","518","","0"
"13295","Ross-Woodward Classical Studies Academy","7","0","General Lottery","509","","0"
"13295","Ross-Woodward Classical Studies Academy","7","0","New Haven Resident","517","","0"
"13295","Ross-Woodward Classical Studies Academy","7","0","Suburban Market - Non-Resident","518","","0"
"13295","Ross-Woodward Classical Studies Academy","8","0","General Lottery","509","","0"
"13295","Ross-Woodward Classical Studies Academy","8","0","New Haven Resident","517","","0"
"13295","Ross-Woodward Classical Studies Academy","8","0","Suburban Market - Non-Resident","518","","0"
"13296","Truman School","K","26","General Lottery","509","","0"
"13296","Truman School","1","1","General Lottery","509","","0"
"13296","Truman School","2","1","General Lottery","509","","0"
"13296","Truman School","3","1","General Lottery","509","","0"
"13296","Truman School","4","1","General Lottery","509","","0"
"13296","Truman School","5","0","General Lottery","509","","0"
"13296","Truman School","6","0","General Lottery","509","","0"
"13296","Truman School","7","0","General Lottery","509","","0"
"13296","Truman School","8","0","General Lottery","509","","0"
"13297","Wexler-Grant Community School","K","26","General Lottery","509","","0"
"13297","Wexler-Grant Community School","1","1","General Lottery","509","","0"
"13297","Wexler-Grant Community School","2","5","General Lottery","509","","0"
"13297","Wexler-Grant Community School","3","5","General Lottery","509","","0"
"13297","Wexler-Grant Community School","4","5","General Lottery","509","","0"
"13297","Wexler-Grant Community School","5","5","General Lottery","509","","0"
"13297","Wexler-Grant Community School","6","0","General Lottery","509","","0"
"13297","Wexler-Grant Community School","7","0","General Lottery","509","","0"
"13297","Wexler-Grant Community School","8","0","General Lottery","509","","0"
"13298","Wilbur Cross High School","9","0","General Lottery","509","","0"
"13298","Wilbur Cross High School","9","198","Zoned School","514","","0"
"13298","Wilbur Cross High School","9","0","Non-Zoned School","515","","0"
"13298","Wilbur Cross High School","10","0","General Lottery","509","","0"
"13298","Wilbur Cross High School","10","28","Zoned School","514","","0"
"13298","Wilbur Cross High School","10","0","Non-Zoned School","515","","0"
"13298","Wilbur Cross High School","11","0","General Lottery","509","","0"
"13298","Wilbur Cross High School","11","19","Zoned School","514","","0"
"13298","Wilbur Cross High School","11","0","Non-Zoned School","515","","0"
"13298","Wilbur Cross High School","12","0","General Lottery","509","","0"
"13298","Wilbur Cross High School","12","13","Zoned School","514","","0"
"13298","Wilbur Cross High School","12","0","Non-Zoned School","515","","0"
"13299","Worthington Hooker School","K","49","General Lottery","509","","0"
"13299","Worthington Hooker School","1","10","General Lottery","509","","0"
"13299","Worthington Hooker School","2","3","General Lottery","509","","0"
"13299","Worthington Hooker School","3","3","General Lottery","509","","0"
"13299","Worthington Hooker School","4","5","General Lottery","509","","0"
"13299","Worthington Hooker School","5","5","General Lottery","509","","0"
"13299","Worthington Hooker School","6","3","General Lottery","509","","0"
"13299","Worthington Hooker School","7","8","General Lottery","509","","0"
"13299","Worthington Hooker School","8","0","General Lottery","509","","0"
"20903","Edmonds Cofield Preparatory Academy","5","75","General Lottery","509","","0"
"20947","Career-Health Sciences Emphasis","9","0","General Lottery","509","","0"
"20947","Career-Health Sciences Emphasis","9","70","New Haven Resident","517","","0"
"20947","Career-Health Sciences Emphasis","9","33","Suburban Market - Non-Resident","518","","0"
"20947","Career-Health Sciences Emphasis","10","0","General Lottery","509","","0"
"20947","Career-Health Sciences Emphasis","10","5","New Haven Resident","517","","0"
"20947","Career-Health Sciences Emphasis","10","4","Suburban Market - Non-Resident","518","","0"
"20947","Career-Health Sciences Emphasis","11","0","General Lottery","509","","0"
"20947","Career-Health Sciences Emphasis","11","3","New Haven Resident","517","","0"
"20947","Career-Health Sciences Emphasis","11","0","Suburban Market - Non-Resident","518","","0"
"20947","Career-Health Sciences Emphasis","12","0","General Lottery","509","","0"
"20947","Career-Health Sciences Emphasis","12","3","New Haven Resident","517","","0"
"20947","Career-Health Sciences Emphasis","12","0","Suburban Market - Non-Resident","518","","0"